{"cameraMode":{"drawMode":0,"name":"Shaded","section":"Shading Mode"},"sceneLighting":false,"audioPlay":false,"sceneViewState":{"showFog":true,"showMaterialUpdate":false,"showSkybox":true,"showFlares":true,"showImageEffects":true,"showParticleSystems":true},"in2DMode":false,"pivot":{"x":814.9000244140625,"y":744.4000244140625,"z":0.0},"rotation":{"x":-0.09415721148252487,"y":0.6224563717842102,"z":0.07579556852579117,"w":0.7732642292976379},"size":233.34524536132813,"orthographic":false}