{"cameraMode":{"drawMode":0,"name":"Shaded","section":"Shading Mode"},"sceneLighting":false,"audioPlay":false,"sceneViewState":{"showFog":true,"showMaterialUpdate":false,"showSkybox":true,"showFlares":true,"showImageEffects":true,"showParticleSystems":true},"in2DMode":false,"pivot":{"x":1.3447366952896119,"y":-2.4557554721832277,"z":-3.6537177562713625},"rotation":{"x":0.27916961908340456,"y":0.1710391491651535,"z":0.0506054051220417,"w":-0.9435300827026367},"size":0.00005715767838410102,"orthographic":false}