{"cameraMode":{"drawMode":0,"name":"Shaded","section":"Shading Mode"},"sceneLighting":false,"audioPlay":false,"sceneViewState":{"showFog":true,"showMaterialUpdate":false,"showSkybox":true,"showFlares":true,"showImageEffects":true,"showParticleSystems":true},"in2DMode":false,"pivot":{"x":5.729251861572266,"y":7.106001377105713,"z":-23.422378540039064},"rotation":{"x":-0.006463965866714716,"y":-0.9741377830505371,"z":0.02809152752161026,"w":-0.2241087555885315},"size":16.45248031616211,"orthographic":false}