{"cameraMode":{"drawMode":0,"name":"Shaded","section":"Shading Mode"},"sceneLighting":false,"audioPlay":false,"sceneViewState":{"showFog":true,"showMaterialUpdate":false,"showSkybox":true,"showFlares":true,"showImageEffects":true,"showParticleSystems":true},"in2DMode":false,"pivot":{"x":-0.2708219289779663,"y":0.7901676893234253,"z":4.018165111541748},"rotation":{"x":0.014217945747077465,"y":0.24224980175495149,"z":0.003551596775650978,"w":-0.9701032638549805},"size":6.751514434814453,"orthographic":false}