{"cameraMode":{"drawMode":0,"name":"Shaded","section":"Shading Mode"},"sceneLighting":false,"audioPlay":false,"sceneViewState":{"showFog":true,"showMaterialUpdate":false,"showSkybox":true,"showFlares":true,"showImageEffects":true,"showParticleSystems":true},"in2DMode":false,"pivot":{"x":35.08449935913086,"y":3.9745845794677736,"z":52.266929626464847},"rotation":{"x":0.28255677223205569,"y":-0.1434364765882492,"z":0.04277460277080536,"w":0.9475009441375732},"size":44.99128723144531,"orthographic":false}