{"cameraMode":{"drawMode":0,"name":"Shaded","section":"Shading Mode"},"sceneLighting":false,"audioPlay":false,"sceneViewState":{"showFog":true,"showMaterialUpdate":false,"showSkybox":true,"showFlares":true,"showImageEffects":true,"showParticleSystems":true},"in2DMode":false,"pivot":{"x":2.6627633571624758,"y":3.8296725749969484,"z":-1.396713137626648},"rotation":{"x":0.015499007888138295,"y":-0.9000371098518372,"z":-0.03211909905076027,"w":-0.4343516528606415},"size":4.323012351989746,"orthographic":false}