{"cameraMode":{"drawMode":0,"name":"Shaded","section":"Shading Mode"},"sceneLighting":false,"audioPlay":false,"sceneViewState":{"showFog":true,"showMaterialUpdate":false,"showSkybox":true,"showFlares":true,"showImageEffects":true,"showParticleSystems":true},"in2DMode":false,"pivot":{"x":15.061674118041993,"y":1.0766370296478272,"z":14.33482551574707},"rotation":{"x":-0.0829583927989006,"y":-0.3529096841812134,"z":0.031430378556251529,"w":-0.9314423203468323},"size":18.768863677978517,"orthographic":false}