{"cameraMode":{"drawMode":0,"name":"Shaded","section":"Shading Mode"},"sceneLighting":false,"audioPlay":false,"sceneViewState":{"showFog":true,"showMaterialUpdate":false,"showSkybox":true,"showFlares":true,"showImageEffects":true,"showParticleSystems":true},"in2DMode":false,"pivot":{"x":9.65627236837463e-7,"y":0.000026863788662012666,"z":-0.0000027825008146464826},"rotation":{"x":0.1698351353406906,"y":-0.009531684219837189,"z":-0.0016438917955383659,"w":-0.9854250550270081},"size":0.00005715767838410102,"orthographic":false}