{"cameraMode":{"drawMode":0,"name":"Shaded","section":"Shading Mode"},"sceneLighting":false,"audioPlay":false,"sceneViewState":{"showFog":true,"showMaterialUpdate":false,"showSkybox":true,"showFlares":true,"showImageEffects":true,"showParticleSystems":true},"in2DMode":false,"pivot":{"x":-9.18657112121582,"y":4.575342655181885,"z":11.320808410644532},"rotation":{"x":0.07841061055660248,"y":0.344811350107193,"z":0.02891697734594345,"w":-0.9349442720413208},"size":13.662014961242676,"orthographic":false}