{"cameraMode":{"drawMode":0,"name":"Shaded","section":"Shading Mode"},"sceneLighting":false,"audioPlay":false,"sceneViewState":{"showFog":true,"showMaterialUpdate":false,"showSkybox":true,"showFlares":true,"showImageEffects":true,"showParticleSystems":true},"in2DMode":false,"pivot":{"x":-3.255427837371826,"y":1.542108178138733,"z":0.1126498281955719},"rotation":{"x":0.00466394517570734,"y":-0.947986900806427,"z":-0.013909037224948407,"w":-0.31797122955322268},"size":0.000057235301937907934,"orthographic":false}