{"cameraMode":{"drawMode":0,"name":"Shaded","section":"Shading Mode"},"sceneLighting":false,"audioPlay":false,"sceneViewState":{"showFog":true,"showMaterialUpdate":false,"showSkybox":true,"showFlares":true,"showImageEffects":true,"showParticleSystems":true},"in2DMode":false,"pivot":{"x":43.97576141357422,"y":4.304502487182617,"z":99.3870620727539},"rotation":{"x":-0.002790349069982767,"y":0.9904475808143616,"z":-0.13636302947998048,"w":-0.020272722467780114},"size":2.858841896057129,"orthographic":false}