{"cameraMode":{"drawMode":0,"name":"Shaded","section":"Shading Mode"},"sceneLighting":false,"audioPlay":false,"sceneViewState":{"showFog":true,"showMaterialUpdate":false,"showSkybox":true,"showFlares":true,"showImageEffects":true,"showParticleSystems":true},"in2DMode":false,"pivot":{"x":3.4862215518951418,"y":-1.3847405910491944,"z":-2.392054319381714},"rotation":{"x":0.2707085609436035,"y":0.27186617255210879,"z":0.0799945816397667,"w":-0.9200035929679871},"size":0.00005715767838410102,"orthographic":false}