{"cameraMode":{"drawMode":0,"name":"Shaded","section":"Shading Mode"},"sceneLighting":false,"audioPlay":false,"sceneViewState":{"showFog":true,"showMaterialUpdate":false,"showSkybox":true,"showFlares":true,"showImageEffects":true,"showParticleSystems":true},"in2DMode":false,"pivot":{"x":44.9261589050293,"y":3.0823845863342287,"z":99.60615539550781},"rotation":{"x":0.013694885186851025,"y":0.13731561601161958,"z":-0.0018973995465785266,"w":0.9904308915138245},"size":22.0,"orthographic":false}