{"cameraMode":{"drawMode":0,"name":"Shaded","section":"Shading Mode"},"sceneLighting":false,"audioPlay":false,"sceneViewState":{"showFog":true,"showMaterialUpdate":false,"showSkybox":true,"showFlares":true,"showImageEffects":true,"showParticleSystems":true},"in2DMode":false,"pivot":{"x":0.16336661577224732,"y":1.1334025859832764,"z":7.608716011047363},"rotation":{"x":-0.03598720580339432,"y":-0.307382196187973,"z":0.01163260918110609,"w":-0.950834333896637},"size":1.9099607467651368,"orthographic":false}