{"cameraMode":{"drawMode":0,"name":"Shaded","section":"Shading Mode"},"sceneLighting":false,"audioPlay":false,"sceneViewState":{"showFog":true,"showMaterialUpdate":false,"showSkybox":true,"showFlares":true,"showImageEffects":true,"showParticleSystems":true},"in2DMode":false,"pivot":{"x":-6.46456241607666,"y":0.5897786617279053,"z":3.9265835285186769},"rotation":{"x":-0.050436388701200488,"y":-0.29574957489967348,"z":0.01563781127333641,"w":-0.9538049101829529},"size":13.440059661865235,"orthographic":false}