{"cameraMode":{"drawMode":0,"name":"Shaded","section":"Shading Mode"},"sceneLighting":false,"audioPlay":false,"sceneViewState":{"showFog":true,"showMaterialUpdate":false,"showSkybox":true,"showFlares":true,"showImageEffects":true,"showParticleSystems":true},"in2DMode":false,"pivot":{"x":6.554900169372559,"y":1.212939977645874,"z":0.925832211971283},"rotation":{"x":0.1653430461883545,"y":0.35435590147972109,"z":0.06381136178970337,"w":-0.9181621670722961},"size":0.00005715767838410102,"orthographic":false}