{"cameraMode":{"drawMode":0,"name":"Shaded","section":"Shading Mode"},"sceneLighting":false,"audioPlay":false,"sceneViewState":{"showFog":true,"showMaterialUpdate":false,"showSkybox":true,"showFlares":true,"showImageEffects":true,"showParticleSystems":true},"in2DMode":false,"pivot":{"x":43.97576141357422,"y":4.304999828338623,"z":99.3870620727539},"rotation":{"x":0.010856177657842636,"y":0.36701714992523196,"z":0.004282452631741762,"w":-0.930141031742096},"size":2.857893705368042,"orthographic":false}