{"cameraMode":{"drawMode":0,"name":"Shaded","section":"Shading Mode"},"sceneLighting":false,"audioPlay":false,"sceneViewState":{"showFog":true,"showMaterialUpdate":false,"showSkybox":true,"showFlares":true,"showImageEffects":true,"showParticleSystems":true},"in2DMode":false,"pivot":{"x":1.6713353395462037,"y":-0.000007639460818609223,"z":3.522615432739258},"rotation":{"x":-0.005608146544545889,"y":-0.8905363082885742,"z":0.010979661718010903,"w":-0.45474517345428469},"size":0.00005715767838410102,"orthographic":false}