{"cameraMode":{"drawMode":0,"name":"Shaded","section":"Shading Mode"},"sceneLighting":false,"audioPlay":false,"sceneViewState":{"showFog":true,"showMaterialUpdate":false,"showSkybox":true,"showFlares":true,"showImageEffects":true,"showParticleSystems":true},"in2DMode":false,"pivot":{"x":0.37814968824386599,"y":1.3534034490585328,"z":2.479940891265869},"rotation":{"x":0.037612248212099078,"y":-0.9564024806022644,"z":-0.1427571326494217,"w":-0.25199222564697268},"size":2.0007483959198,"orthographic":false}