{"cameraMode":{"drawMode":0,"name":"Shaded","section":"Shading Mode"},"sceneLighting":false,"audioPlay":false,"sceneViewState":{"showFog":true,"showMaterialUpdate":false,"showSkybox":true,"showFlares":true,"showImageEffects":true,"showParticleSystems":true},"in2DMode":false,"pivot":{"x":0.000026360994525020942,"y":0.000023318205421674065,"z":0.00002007338662224356},"rotation":{"x":0.0006093289121054113,"y":-0.8532423973083496,"z":-0.0009992570849135519,"w":-0.5215132236480713},"size":0.00005715767838410102,"orthographic":false}