{"cameraMode":{"drawMode":0,"name":"Shaded","section":"Shading Mode"},"sceneLighting":false,"audioPlay":false,"sceneViewState":{"showFog":true,"showMaterialUpdate":false,"showSkybox":true,"showFlares":true,"showImageEffects":true,"showParticleSystems":true},"in2DMode":false,"pivot":{"x":1.4143164157867432,"y":1.4835340976715088,"z":4.9398345947265629},"rotation":{"x":-0.0829583927989006,"y":-0.3529096841812134,"z":0.031430378556251529,"w":-0.9314423203468323},"size":3.254387617111206,"orthographic":false}