{"cameraMode":{"drawMode":0,"name":"Shaded","section":"Shading Mode"},"sceneLighting":false,"audioPlay":false,"sceneViewState":{"showFog":true,"showMaterialUpdate":false,"showSkybox":true,"showFlares":true,"showImageEffects":true,"showParticleSystems":true},"in2DMode":false,"pivot":{"x":-3.8638157844543459,"y":-0.1880648285150528,"z":5.111719131469727},"rotation":{"x":0.005140896886587143,"y":-0.9479649662971497,"z":-0.015331001952290535,"w":-0.3179638683795929},"size":0.00005715767838410102,"orthographic":false}