{"cameraMode":{"drawMode":0,"name":"Shaded","section":"Shading Mode"},"sceneLighting":false,"audioPlay":false,"sceneViewState":{"showFog":true,"showMaterialUpdate":false,"showSkybox":true,"showFlares":true,"showImageEffects":true,"showParticleSystems":true},"in2DMode":false,"pivot":{"x":41.390869140625,"y":2.0937564373016359,"z":99.88351440429688},"rotation":{"x":0.03628288209438324,"y":-0.04519173875451088,"z":0.0016434987774118782,"w":0.9983179569244385},"size":6.162661075592041,"orthographic":false}