{"cameraMode":{"drawMode":0,"name":"Shaded","section":"Shading Mode"},"sceneLighting":false,"audioPlay":false,"sceneViewState":{"showFog":true,"showMaterialUpdate":false,"showSkybox":true,"showFlares":true,"showImageEffects":true,"showParticleSystems":true},"in2DMode":false,"pivot":{"x":0.0000051360621000640098,"y":0.000008734255970921367,"z":0.0000059484445955604319},"rotation":{"x":0.012233356945216656,"y":-0.8882328271865845,"z":-0.0236956886947155,"w":-0.4586189389228821},"size":0.00005715767838410102,"orthographic":false}