{"cameraMode":{"drawMode":0,"name":"Shaded","section":"Shading Mode"},"sceneLighting":false,"audioPlay":false,"sceneViewState":{"showFog":true,"showMaterialUpdate":false,"showSkybox":true,"showFlares":true,"showImageEffects":true,"showParticleSystems":true},"in2DMode":false,"pivot":{"x":12.9705228805542,"y":-7.262375354766846,"z":-24.973283767700197},"rotation":{"x":-0.050110504031181338,"y":-0.9492679834365845,"z":0.20116783678531648,"w":-0.23645462095737458},"size":30.494831085205079,"orthographic":false}