{"cameraMode":{"drawMode":0,"name":"Shaded","section":"Shading Mode"},"sceneLighting":false,"audioPlay":false,"sceneViewState":{"showFog":true,"showMaterialUpdate":false,"showSkybox":true,"showFlares":true,"showImageEffects":true,"showParticleSystems":true},"in2DMode":false,"pivot":{"x":28.241418838500978,"y":3.3972697257995607,"z":-14.599350929260254},"rotation":{"x":0.0169063713401556,"y":-0.8986297249794006,"z":-0.03476849943399429,"w":-0.4370010495185852},"size":23.85895347595215,"orthographic":false}