{"cameraMode":{"drawMode":0,"name":"Shaded","section":"Shading Mode"},"sceneLighting":false,"audioPlay":false,"sceneViewState":{"showFog":true,"showMaterialUpdate":false,"showSkybox":true,"showFlares":true,"showImageEffects":true,"showParticleSystems":true},"in2DMode":false,"pivot":{"x":-1.1635804176330567,"y":12.074867248535157,"z":-2.500811815261841},"rotation":{"x":0.07841061055660248,"y":0.344811350107193,"z":0.02891697734594345,"w":-0.9349442720413208},"size":5.377105712890625,"orthographic":false}