{"cameraMode":{"drawMode":0,"name":"Shaded","section":"Shading Mode"},"sceneLighting":false,"audioPlay":false,"sceneViewState":{"showFog":true,"showMaterialUpdate":false,"showSkybox":true,"showFlares":true,"showImageEffects":true,"showParticleSystems":true},"in2DMode":false,"pivot":{"x":27.874784469604493,"y":6.979259490966797,"z":-16.49591827392578},"rotation":{"x":0.030092401430010797,"y":-0.9009793400764465,"z":-0.06332657486200333,"w":-0.42815929651260378},"size":46.66904830932617,"orthographic":false}