{"cameraMode":{"drawMode":0,"name":"Shaded","section":"Shading Mode"},"sceneLighting":false,"audioPlay":false,"sceneViewState":{"showFog":true,"showMaterialUpdate":false,"showSkybox":true,"showFlares":true,"showImageEffects":true,"showParticleSystems":true},"in2DMode":false,"pivot":{"x":-6.52291202545166,"y":1.4749681949615479,"z":45.889686584472659},"rotation":{"x":-0.0012532885884866119,"y":-0.980220377445221,"z":0.006203953176736832,"w":-0.19780804216861726},"size":4.058193683624268,"orthographic":false}