{"cameraMode":{"drawMode":0,"name":"Shaded","section":"Shading Mode"},"sceneLighting":false,"audioPlay":false,"sceneViewState":{"showFog":true,"showMaterialUpdate":false,"showSkybox":true,"showFlares":true,"showImageEffects":true,"showParticleSystems":true},"in2DMode":false,"pivot":{"x":-60.54062271118164,"y":15.736471176147461,"z":15.86120319366455},"rotation":{"x":0.0199347585439682,"y":-0.9484911561012268,"z":-0.06094922125339508,"w":-0.310245543718338},"size":43.718746185302737,"orthographic":false}