{"cameraMode":{"drawMode":0,"name":"Shaded","section":"Shading Mode"},"sceneLighting":false,"audioPlay":false,"sceneViewState":{"showFog":true,"showMaterialUpdate":false,"showSkybox":true,"showFlares":true,"showImageEffects":true,"showParticleSystems":true},"in2DMode":false,"pivot":{"x":1.6049165725708008,"y":12.059070587158204,"z":23.531494140625},"rotation":{"x":0.18790549039840699,"y":-0.2009071409702301,"z":-0.03930044546723366,"w":-0.9606161713600159},"size":25.31702423095703,"orthographic":false}