{"cameraMode":{"drawMode":0,"name":"Shaded","section":"Shading Mode"},"sceneLighting":false,"audioPlay":false,"sceneViewState":{"showFog":true,"showMaterialUpdate":false,"showSkybox":true,"showFlares":true,"showImageEffects":true,"showParticleSystems":true},"in2DMode":false,"pivot":{"x":5.616842746734619,"y":1.6383326053619385,"z":-10.999231338500977},"rotation":{"x":0.005713277030736208,"y":-0.9608156085014343,"z":-0.01986391469836235,"w":-0.2764168381690979},"size":14.491005897521973,"orthographic":false}