{"cameraMode":{"drawMode":0,"name":"Shaded","section":"Shading Mode"},"sceneLighting":false,"audioPlay":false,"sceneViewState":{"showFog":true,"showMaterialUpdate":false,"showSkybox":true,"showFlares":true,"showImageEffects":true,"showParticleSystems":true},"in2DMode":false,"pivot":{"x":-3.8054704666137697,"y":11.161651611328125,"z":9.275188446044922},"rotation":{"x":-0.0462774820625782,"y":-0.9493368268013,"z":0.26154038310050967,"w":-0.16797254979610444},"size":43.71875,"orthographic":false}