{"cameraMode":{"drawMode":0,"name":"Shaded","section":"Shading Mode"},"sceneLighting":false,"audioPlay":false,"sceneViewState":{"showFog":true,"showMaterialUpdate":false,"showSkybox":true,"showFlares":true,"showImageEffects":true,"showParticleSystems":true},"in2DMode":false,"pivot":{"x":5.136266231536865,"y":2.0742993354797365,"z":3.8215994834899904},"rotation":{"x":-0.006490474101155996,"y":-0.9832615852355957,"z":0.03573670610785484,"w":-0.17854252457618714},"size":0.00005634145418298431,"orthographic":false}