{"cameraMode":{"drawMode":0,"name":"Shaded","section":"Shading Mode"},"sceneLighting":false,"audioPlay":false,"sceneViewState":{"showFog":true,"showMaterialUpdate":false,"showSkybox":true,"showFlares":true,"showImageEffects":true,"showParticleSystems":true},"in2DMode":false,"pivot":{"x":1.0557613372802735,"y":-3.053666114807129,"z":2.493947982788086},"rotation":{"x":-0.02410462312400341,"y":-0.9484584927558899,"z":0.07444406300783158,"w":-0.30708885192871096},"size":22.0,"orthographic":false}