{"cameraMode":{"drawMode":0,"name":"Shaded","section":"Shading Mode"},"sceneLighting":false,"audioPlay":false,"sceneViewState":{"showFog":true,"showMaterialUpdate":false,"showSkybox":true,"showFlares":true,"showImageEffects":true,"showParticleSystems":true},"in2DMode":false,"pivot":{"x":-11.57229995727539,"y":10.83108901977539,"z":17.509233474731447},"rotation":{"x":0.23249275982379914,"y":0.196158304810524,"z":0.04793349653482437,"w":-0.9514049887657166},"size":31.51496696472168,"orthographic":false}