{"cameraMode":{"drawMode":0,"name":"Shaded","section":"Shading Mode"},"sceneLighting":false,"audioPlay":false,"sceneViewState":{"showFog":true,"showMaterialUpdate":false,"showSkybox":true,"showFlares":true,"showImageEffects":true,"showParticleSystems":true},"in2DMode":false,"pivot":{"x":39.47793960571289,"y":-4.470911026000977,"z":-35.54389953613281},"rotation":{"x":-0.019746854901313783,"y":-0.916925847530365,"z":0.0457274429500103,"w":-0.3959369361400604},"size":62.04537582397461,"orthographic":false}